Name_of_State/UT,Total_Confirmed_cases,Cured/Discharged/Migrated,Death,Date
AndamanandNicobarIslands,9,0,0.0,2020-03-30
AndamanandNicobarIslands,10,0,0.0,2020-04-02
AndamanandNicobarIslands,10,0,0.0,2020-04-03
AndamanandNicobarIslands,10,0,0.0,2020-04-04
AndamanandNicobarIslands,10,0,0.0,2020-04-07
AndamanandNicobarIslands,10,0,0.0,2020-04-08
AndamanandNicobarIslands,11,0,0.0,2020-04-10
AndamanandNicobarIslands,11,10,0.0,2020-04-12
AndamanandNicobarIslands,11,10,0.0,2020-04-14
AndamanandNicobarIslands,11,10,0.0,2020-04-17
AndamanandNicobarIslands,12,11,0.0,2020-04-18
AndamanandNicobarIslands,15,11,0.0,2020-04-20
AndamanandNicobarIslands,16,11,0.0,2020-04-21
AndamanandNicobarIslands,18,11,0.0,2020-04-23
AndamanandNicobarIslands,22,11,0.0,2020-04-24
AndamanandNicobarIslands,27,11,0.0,2020-04-25
AndamanandNicobarIslands,33,11,0.0,2020-04-26
AndamanandNicobarIslands,33,11,0.0,2020-04-27
AndamanandNicobarIslands,33,16,0.0,2020-05-01
AndamanandNicobarIslands,33,16,0.0,2020-05-02
AndamanandNicobarIslands,33,32,0.0,2020-05-04
AndamanandNicobarIslands,33,32,0.0,2020-05-05
AndhraPradesh,19,1,0.0,2020-03-30
AndhraPradesh,86,1,1.0,2020-04-02
AndhraPradesh,132,1,1.0,2020-04-03
AndhraPradesh,161,1,1.0,2020-04-04
AndhraPradesh,266,1,3.0,2020-04-07
AndhraPradesh,305,5,4.0,2020-04-08
AndhraPradesh,363,7,6.0,2020-04-10
AndhraPradesh,381,11,6.0,2020-04-12
AndhraPradesh,473,14,9.0,2020-04-14
AndhraPradesh,534,20,14.0,2020-04-17
AndhraPradesh,603,42,15.0,2020-04-18
AndhraPradesh,722,92,20.0,2020-04-20
AndhraPradesh,757,96,22.0,2020-04-21
AndhraPradesh,895,141,27.0,2020-04-23
AndhraPradesh,955,145,29.0,2020-04-24
AndhraPradesh,1061,171,31.0,2020-04-25
AndhraPradesh,1097,231,31.0,2020-04-26
AndhraPradesh,1177,235,31.0,2020-04-27
AndhraPradesh,1463,403,33.0,2020-05-01
AndhraPradesh,1525,441,33.0,2020-05-02
AndhraPradesh,1650,524,36.0,2020-05-04
AndhraPradesh,1717,589,36.0,2020-05-05
ArunachalPradesh,1,0,0.0,2020-04-03
ArunachalPradesh,1,0,0.0,2020-04-04
ArunachalPradesh,1,0,0.0,2020-04-07
ArunachalPradesh,1,0,0.0,2020-04-08
ArunachalPradesh,1,0,0.0,2020-04-10
ArunachalPradesh,1,0,0.0,2020-04-12
ArunachalPradesh,1,0,0.0,2020-04-14
ArunachalPradesh,1,0,0.0,2020-04-17
ArunachalPradesh,1,0,0.0,2020-04-18
ArunachalPradesh,1,0,0.0,2020-04-20
ArunachalPradesh,1,1,0.0,2020-04-21
ArunachalPradesh,1,1,0.0,2020-04-23
ArunachalPradesh,1,1,0.0,2020-04-24
ArunachalPradesh,1,1,0.0,2020-04-25
ArunachalPradesh,1,1,0.0,2020-04-26
ArunachalPradesh,1,1,0.0,2020-04-27
ArunachalPradesh,1,1,0.0,2020-05-01
ArunachalPradesh,1,1,0.0,2020-05-02
ArunachalPradesh,1,1,0.0,2020-05-04
ArunachalPradesh,1,1,0.0,2020-05-05
Assam,5,0,0.0,2020-04-02
Assam,16,0,0.0,2020-04-03
Assam,24,0,0.0,2020-04-04
Assam,26,0,0.0,2020-04-07
Assam,27,0,0.0,2020-04-08
Assam,29,0,0.0,2020-04-10
Assam,29,0,1.0,2020-04-12
Assam,31,0,1.0,2020-04-14
Assam,35,5,1.0,2020-04-17
Assam,35,9,1.0,2020-04-18
Assam,35,17,1.0,2020-04-20
Assam,35,19,1.0,2020-04-21
Assam,35,19,1.0,2020-04-23
Assam,36,19,1.0,2020-04-24
Assam,36,19,1.0,2020-04-25
Assam,36,19,1.0,2020-04-26
Assam,36,27,1.0,2020-04-27
Assam,42,29,1.0,2020-05-01
Assam,43,32,1.0,2020-05-02
Assam,43,32,1.0,2020-05-04
Assam,43,32,1.0,2020-05-05
Bihar,11,0,1.0,2020-03-30
Bihar,24,0,1.0,2020-04-02
Bihar,29,0,1.0,2020-04-03
Bihar,30,0,1.0,2020-04-04
Bihar,32,0,1.0,2020-04-07
Bihar,38,0,1.0,2020-04-08
Bihar,60,0,1.0,2020-04-10
Bihar,63,0,1.0,2020-04-12
Bihar,66,26,1.0,2020-04-14
Bihar,80,37,1.0,2020-04-17
Bihar,85,37,2.0,2020-04-18
Bihar,96,42,2.0,2020-04-20
Bihar,114,42,2.0,2020-04-21
Bihar,148,46,2.0,2020-04-23
Bihar,176,46,2.0,2020-04-24
Bihar,228,46,2.0,2020-04-25
Bihar,251,46,2.0,2020-04-26
Bihar,277,56,2.0,2020-04-27
Bihar,426,82,2.0,2020-05-01
Bihar,471,98,3.0,2020-05-02
Bihar,517,125,4.0,2020-05-04
Bihar,529,130,4.0,2020-05-05
Chandigarh,8,0,0.0,2020-03-30
Chandigarh,16,0,0.0,2020-04-02
Chandigarh,18,0,0.0,2020-04-03
Chandigarh,18,0,0.0,2020-04-04
Chandigarh,18,7,0.0,2020-04-07
Chandigarh,18,7,0.0,2020-04-08
Chandigarh,18,7,0.0,2020-04-10
Chandigarh,19,7,0.0,2020-04-12
Chandigarh,21,7,0.0,2020-04-14
Chandigarh,21,9,0.0,2020-04-17
Chandigarh,21,9,0.0,2020-04-18
Chandigarh,26,13,0.0,2020-04-20
Chandigarh,26,13,0.0,2020-04-21
Chandigarh,27,14,0.0,2020-04-23
Chandigarh,27,14,0.0,2020-04-24
Chandigarh,28,15,0.0,2020-04-25
Chandigarh,30,17,0.0,2020-04-26
Chandigarh,30,17,0.0,2020-04-27
Chandigarh,56,17,0.0,2020-05-01
Chandigarh,88,17,0.0,2020-05-02
Chandigarh,94,19,0.0,2020-05-04
Chandigarh,102,21,1.0,2020-05-05
Chhattisgarh,7,0,0.0,2020-03-30
Chhattisgarh,9,2,0.0,2020-04-02
Chhattisgarh,9,3,0.0,2020-04-03
Chhattisgarh,9,3,0.0,2020-04-04
Chhattisgarh,10,9,0.0,2020-04-07
Chhattisgarh,10,9,0.0,2020-04-08
Chhattisgarh,10,9,0.0,2020-04-10
Chhattisgarh,18,9,0.0,2020-04-12
Chhattisgarh,31,10,0.0,2020-04-14
Chhattisgarh,33,23,0.0,2020-04-17
Chhattisgarh,36,24,0.0,2020-04-18
Chhattisgarh,36,25,0.0,2020-04-20
Chhattisgarh,36,25,0.0,2020-04-21
Chhattisgarh,36,28,0.0,2020-04-23
Chhattisgarh,36,28,0.0,2020-04-24
Chhattisgarh,36,30,0.0,2020-04-25
Chhattisgarh,37,32,0.0,2020-04-26
Chhattisgarh,37,32,0.0,2020-04-27
Chhattisgarh,40,36,0.0,2020-05-01
Chhattisgarh,43,36,0.0,2020-05-02
Chhattisgarh,57,36,0.0,2020-05-04
Chhattisgarh,58,36,0.0,2020-05-05
Delhi,53,6,2.0,2020-03-30
Delhi,219,8,4.0,2020-04-02
Delhi,219,8,4.0,2020-04-03
Delhi,445,15,6.0,2020-04-04
Delhi,576,21,7.0,2020-04-07
Delhi,576,21,9.0,2020-04-08
Delhi,898,25,13.0,2020-04-10
Delhi,1069,25,19.0,2020-04-12
Delhi,1510,30,28.0,2020-04-14
Delhi,1640,51,38.0,2020-04-17
Delhi,1707,72,42.0,2020-04-18
Delhi,2003,290,45.0,2020-04-20
Delhi,2081,431,47.0,2020-04-21
Delhi,2248,724,48.0,2020-04-23
Delhi,2376,808,50.0,2020-04-24
Delhi,2514,857,53.0,2020-04-25
Delhi,2625,869,54.0,2020-04-26
Delhi,2918,877,54.0,2020-04-27
Delhi,3515,1094,59.0,2020-05-01
Delhi,3738,1167,61.0,2020-05-02
Delhi,4549,1362,64.0,2020-05-04
Delhi,4898,1431,64.0,2020-05-05
Goa,5,0,0.0,2020-03-30
Goa,5,0,0.0,2020-04-02
Goa,6,0,0.0,2020-04-03
Goa,7,0,0.0,2020-04-04
Goa,7,0,0.0,2020-04-07
Goa,7,0,0.0,2020-04-08
Goa,7,1,0.0,2020-04-10
Goa,7,5,0.0,2020-04-12
Goa,7,5,0.0,2020-04-14
Goa,7,6,0.0,2020-04-17
Goa,7,6,0.0,2020-04-18
Goa,7,7,0.0,2020-04-20
Goa,7,7,0.0,2020-04-21
Goa,7,7,0.0,2020-04-23
Goa,7,7,0.0,2020-04-24
Goa,7,7,0.0,2020-04-25
Goa,7,7,0.0,2020-04-26
Goa,7,7,0.0,2020-04-27
Goa,7,7,0.0,2020-05-01
Goa,7,7,0.0,2020-05-02
Goa,7,7,0.0,2020-05-04
Goa,7,7,0.0,2020-05-05
Gujarat,58,1,5.0,2020-03-30
Gujarat,87,8,7.0,2020-04-02
Gujarat,95,10,8.0,2020-04-03
Gujarat,105,14,10.0,2020-04-04
Gujarat,165,25,13.0,2020-04-07
Gujarat,165,25,13.0,2020-04-08
Gujarat,241,26,17.0,2020-04-10
Gujarat,432,44,22.0,2020-04-12
Gujarat,617,55,26.0,2020-04-14
Gujarat,930,73,36.0,2020-04-17
Gujarat,1272,88,48.0,2020-04-18
Gujarat,1851,106,67.0,2020-04-20
Gujarat,2066,131,77.0,2020-04-21
Gujarat,2407,179,103.0,2020-04-23
Gujarat,2624,258,112.0,2020-04-24
Gujarat,2815,265,127.0,2020-04-25
Gujarat,3071,282,133.0,2020-04-26
Gujarat,3301,313,151.0,2020-04-27
Gujarat,4395,613,214.0,2020-05-01
Gujarat,4721,735,236.0,2020-05-02
Gujarat,5428,1042,290.0,2020-05-04
Gujarat,5804,1195,319.0,2020-05-05
Haryana,33,17,0.0,2020-03-30
Haryana,43,21,0.0,2020-04-02
Haryana,49,24,0.0,2020-04-03
Haryana,49,24,0.0,2020-04-04
Haryana,90,25,1.0,2020-04-07
Haryana,147,28,3.0,2020-04-08
Haryana,169,29,3.0,2020-04-10
Haryana,177,29,3.0,2020-04-12
Haryana,199,34,3.0,2020-04-14
Haryana,205,43,3.0,2020-04-17
Haryana,225,43,3.0,2020-04-18
Haryana,233,87,3.0,2020-04-20
Haryana,254,127,3.0,2020-04-21
Haryana,262,140,3.0,2020-04-23
Haryana,272,156,3.0,2020-04-24
Haryana,272,156,3.0,2020-04-25
Haryana,289,176,3.0,2020-04-26
Haryana,289,176,3.0,2020-04-27
Haryana,313,209,3.0,2020-05-01
Haryana,360,227,4.0,2020-05-02
Haryana,442,245,5.0,2020-05-04
Haryana,517,254,6.0,2020-05-05
HimachalPradesh,3,0,1.0,2020-03-30
HimachalPradesh,3,1,1.0,2020-04-02
HimachalPradesh,6,1,1.0,2020-04-03
HimachalPradesh,6,1,1.0,2020-04-04
HimachalPradesh,13,2,1.0,2020-04-07
HimachalPradesh,18,2,1.0,2020-04-08
HimachalPradesh,28,6,1.0,2020-04-10
HimachalPradesh,32,6,1.0,2020-04-12
HimachalPradesh,32,13,1.0,2020-04-14
HimachalPradesh,35,16,1.0,2020-04-17
HimachalPradesh,38,16,1.0,2020-04-18
HimachalPradesh,39,16,1.0,2020-04-20
HimachalPradesh,39,16,1.0,2020-04-21
HimachalPradesh,40,18,1.0,2020-04-23
HimachalPradesh,40,18,1.0,2020-04-24
HimachalPradesh,40,18,1.0,2020-04-25
HimachalPradesh,40,22,1.0,2020-04-26
HimachalPradesh,40,22,1.0,2020-04-27
HimachalPradesh,40,28,1.0,2020-05-01
HimachalPradesh,40,30,1.0,2020-05-02
HimachalPradesh,40,34,1.0,2020-05-04
HimachalPradesh,41,38,1.0,2020-05-05
JammuandKashmir,31,1,2.0,2020-03-30
JammuandKashmir,62,2,2.0,2020-04-02
JammuandKashmir,75,3,2.0,2020-04-03
JammuandKashmir,75,3,2.0,2020-04-04
JammuandKashmir,116,4,2.0,2020-04-07
JammuandKashmir,116,4,2.0,2020-04-08
JammuandKashmir,184,6,4.0,2020-04-10
JammuandKashmir,207,6,4.0,2020-04-12
JammuandKashmir,270,16,4.0,2020-04-14
JammuandKashmir,314,38,4.0,2020-04-17
JammuandKashmir,328,42,5.0,2020-04-18
JammuandKashmir,350,56,5.0,2020-04-20
JammuandKashmir,368,71,5.0,2020-04-21
JammuandKashmir,407,92,5.0,2020-04-23
JammuandKashmir,427,92,5.0,2020-04-24
JammuandKashmir,454,109,5.0,2020-04-25
JammuandKashmir,494,112,6.0,2020-04-26
JammuandKashmir,523,137,6.0,2020-04-27
JammuandKashmir,614,216,8.0,2020-05-01
JammuandKashmir,639,247,8.0,2020-05-02
JammuandKashmir,701,287,8.0,2020-05-04
JammuandKashmir,726,303,8.0,2020-05-05
Jharkhand,1,0,0.0,2020-04-02
Jharkhand,2,0,0.0,2020-04-03
Jharkhand,2,0,0.0,2020-04-04
Jharkhand,4,0,0.0,2020-04-07
Jharkhand,4,0,0.0,2020-04-08
Jharkhand,13,0,1.0,2020-04-10
Jharkhand,17,0,1.0,2020-04-12
Jharkhand,24,0,2.0,2020-04-14
Jharkhand,28,0,2.0,2020-04-17
Jharkhand,33,0,2.0,2020-04-18
Jharkhand,42,0,2.0,2020-04-20
Jharkhand,46,0,2.0,2020-04-21
Jharkhand,49,8,3.0,2020-04-23
Jharkhand,55,8,3.0,2020-04-24
Jharkhand,59,9,3.0,2020-04-25
Jharkhand,67,13,3.0,2020-04-26
Jharkhand,82,13,3.0,2020-04-27
Jharkhand,111,20,3.0,2020-05-01
Jharkhand,111,20,3.0,2020-05-02
Jharkhand,115,22,3.0,2020-05-04
Jharkhand,115,27,3.0,2020-05-05
Karnataka,80,5,3.0,2020-03-30
Karnataka,110,9,3.0,2020-04-02
Karnataka,124,10,3.0,2020-04-03
Karnataka,128,12,3.0,2020-04-04
Karnataka,175,25,4.0,2020-04-07
Karnataka,175,25,4.0,2020-04-08
Karnataka,197,30,6.0,2020-04-10
Karnataka,214,37,6.0,2020-04-12
Karnataka,258,65,9.0,2020-04-14
Karnataka,315,82,13.0,2020-04-17
Karnataka,371,92,13.0,2020-04-18
Karnataka,395,111,16.0,2020-04-20
Karnataka,415,114,17.0,2020-04-21
Karnataka,443,141,17.0,2020-04-23
Karnataka,463,150,18.0,2020-04-24
Karnataka,489,153,18.0,2020-04-25
Karnataka,501,177,18.0,2020-04-26
Karnataka,511,188,20.0,2020-04-27
Karnataka,576,235,22.0,2020-05-01
Karnataka,598,255,25.0,2020-05-02
Karnataka,642,304,26.0,2020-05-04
Karnataka,659,324,28.0,2020-05-05
Kerala,194,19,1.0,2020-03-30
Kerala,265,25,2.0,2020-04-02
Kerala,286,27,2.0,2020-04-03
Kerala,295,41,2.0,2020-04-04
Kerala,327,58,2.0,2020-04-07
Kerala,336,70,2.0,2020-04-08
Kerala,357,96,2.0,2020-04-10
Kerala,364,123,2.0,2020-04-12
Kerala,379,198,3.0,2020-04-14
Kerala,395,245,3.0,2020-04-17
Kerala,396,255,3.0,2020-04-18
Kerala,402,270,3.0,2020-04-20
Kerala,408,291,3.0,2020-04-21
Kerala,438,324,3.0,2020-04-23
Kerala,448,324,3.0,2020-04-24
Kerala,451,331,4.0,2020-04-25
Kerala,458,338,4.0,2020-04-26
Kerala,469,342,4.0,2020-04-27
Kerala,497,383,4.0,2020-05-01
Kerala,498,392,4.0,2020-05-02
Kerala,500,401,4.0,2020-05-04
Kerala,500,462,4.0,2020-05-05
MadhyaPradesh,33,0,2.0,2020-03-30
MadhyaPradesh,99,0,6.0,2020-04-02
MadhyaPradesh,104,0,6.0,2020-04-03
MadhyaPradesh,104,0,6.0,2020-04-04
MadhyaPradesh,229,0,13.0,2020-04-07
MadhyaPradesh,229,0,13.0,2020-04-08
MadhyaPradesh,259,0,16.0,2020-04-10
MadhyaPradesh,532,0,36.0,2020-04-12
MadhyaPradesh,730,51,50.0,2020-04-14
MadhyaPradesh,1120,64,53.0,2020-04-17
MadhyaPradesh,1355,69,69.0,2020-04-18
MadhyaPradesh,1485,127,74.0,2020-04-20
MadhyaPradesh,1540,127,76.0,2020-04-21
MadhyaPradesh,1695,148,81.0,2020-04-23
MadhyaPradesh,1852,203,83.0,2020-04-24
MadhyaPradesh,1952,210,92.0,2020-04-25
MadhyaPradesh,2096,210,99.0,2020-04-26
MadhyaPradesh,2168,302,106.0,2020-04-27
MadhyaPradesh,2719,482,137.0,2020-05-01
MadhyaPradesh,2719,524,145.0,2020-05-02
MadhyaPradesh,2942,798,165.0,2020-05-04
MadhyaPradesh,3049,1000,176.0,2020-05-05
Maharashtra,193,25,8.0,2020-03-30
Maharashtra,335,42,13.0,2020-04-02
Maharashtra,335,42,16.0,2020-04-03
Maharashtra,490,42,24.0,2020-04-04
Maharashtra,868,56,48.0,2020-04-07
Maharashtra,1018,79,64.0,2020-04-08
Maharashtra,1364,125,97.0,2020-04-10
Maharashtra,1761,208,127.0,2020-04-12
Maharashtra,2337,229,160.0,2020-04-14
Maharashtra,3205,300,194.0,2020-04-17
Maharashtra,3323,331,201.0,2020-04-18
Maharashtra,4203,507,223.0,2020-04-20
Maharashtra,4669,572,232.0,2020-04-21
Maharashtra,5652,789,269.0,2020-04-23
Maharashtra,6430,840,283.0,2020-04-24
Maharashtra,6817,957,301.0,2020-04-25
Maharashtra,7628,1076,323.0,2020-04-26
Maharashtra,8068,1188,342.0,2020-04-27
Maharashtra,10498,1773,459.0,2020-05-01
Maharashtra,11506,1879,485.0,2020-05-02
Maharashtra,12974,2115,548.0,2020-05-04
Maharashtra,14541,2465,583.0,2020-05-05
Manipur,1,0,0.0,2020-03-30
Manipur,1,0,0.0,2020-04-02
Manipur,2,0,0.0,2020-04-03
Manipur,2,0,0.0,2020-04-04
Manipur,2,0,0.0,2020-04-07
Manipur,2,0,0.0,2020-04-08
Manipur,2,1,0.0,2020-04-10
Manipur,2,1,0.0,2020-04-12
Manipur,2,1,0.0,2020-04-14
Manipur,2,1,0.0,2020-04-17
Manipur,2,1,0.0,2020-04-18
Manipur,2,2,0.0,2020-04-20
Manipur,2,2,0.0,2020-04-21
Manipur,2,2,0.0,2020-04-23
Manipur,2,2,0.0,2020-04-24
Manipur,2,2,0.0,2020-04-25
Manipur,2,2,0.0,2020-04-26
Manipur,2,2,0.0,2020-04-27
Manipur,2,2,0.0,2020-05-01
Manipur,2,2,0.0,2020-05-02
Manipur,2,2,0.0,2020-05-04
Manipur,2,2,0.0,2020-05-05
Meghalaya,1,0,0.0,2020-04-14
Meghalaya,7,0,1.0,2020-04-17
Meghalaya,11,0,1.0,2020-04-18
Meghalaya,11,0,1.0,2020-04-20
Meghalaya,11,0,1.0,2020-04-21
Meghalaya,12,0,1.0,2020-04-23
Meghalaya,12,0,1.0,2020-04-24
Meghalaya,12,0,1.0,2020-04-25
Meghalaya,12,0,1.0,2020-04-26
Meghalaya,12,0,1.0,2020-04-27
Meghalaya,12,0,1.0,2020-05-01
Meghalaya,12,0,1.0,2020-05-02
Meghalaya,12,0,1.0,2020-05-04
Meghalaya,12,10,1.0,2020-05-05
Mizoram,1,0,0.0,2020-03-30
Mizoram,1,0,0.0,2020-04-02
Mizoram,1,0,0.0,2020-04-03
Mizoram,1,0,0.0,2020-04-04
Mizoram,1,0,0.0,2020-04-07
Mizoram,1,0,0.0,2020-04-08
Mizoram,1,0,0.0,2020-04-10
Mizoram,1,0,0.0,2020-04-12
Mizoram,1,0,0.0,2020-04-14
Mizoram,1,0,0.0,2020-04-17
Mizoram,1,0,0.0,2020-04-18
Mizoram,1,0,0.0,2020-04-20
Mizoram,1,0,0.0,2020-04-21
Mizoram,1,0,0.0,2020-04-23
Mizoram,1,0,0.0,2020-04-24
Mizoram,1,0,0.0,2020-04-25
Mizoram,1,0,0.0,2020-04-26
Mizoram,1,0,0.0,2020-04-27
Mizoram,1,0,0.0,2020-05-01
Mizoram,1,0,0.0,2020-05-02
Mizoram,1,0,0.0,2020-05-04
Mizoram,1,0,0.0,2020-05-05
Nagaland,1,0,0.0,2020-04-14
Nagaland,0,0,0.0,2020-04-20
Nagaland,0,0,0.0,2020-04-21
Nagaland,0,0,0.0,2020-04-17
Nagaland,0,0,0.0,2020-04-18
Odisha,3,0,0.0,2020-03-30
Odisha,4,0,0.0,2020-04-02
Odisha,5,0,0.0,2020-04-03
Odisha,5,0,0.0,2020-04-04
Odisha,42,2,1.0,2020-04-07
Odisha,42,2,1.0,2020-04-08
Odisha,44,2,1.0,2020-04-10
Odisha,50,2,1.0,2020-04-12
Odisha,55,18,1.0,2020-04-14
Odisha,60,19,1.0,2020-04-17
Odisha,60,21,1.0,2020-04-18
Odisha,68,24,1.0,2020-04-20
Odisha,74,24,1.0,2020-04-21
Odisha,83,32,1.0,2020-04-23
Odisha,90,33,1.0,2020-04-24
Odisha,94,33,1.0,2020-04-25
Odisha,103,34,1.0,2020-04-26
Odisha,108,35,1.0,2020-04-27
Odisha,143,41,1.0,2020-05-01
Odisha,154,55,1.0,2020-05-02
Odisha,163,60,1.0,2020-05-04
Odisha,170,60,1.0,2020-05-05
Puducherry,1,0,0.0,2020-03-30
Puducherry,3,1,0.0,2020-04-02
Puducherry,5,1,0.0,2020-04-03
Puducherry,5,1,0.0,2020-04-04
Puducherry,5,1,0.0,2020-04-07
Puducherry,5,1,0.0,2020-04-08
Puducherry,5,1,0.0,2020-04-10
Puducherry,7,1,0.0,2020-04-12
Puducherry,7,1,0.0,2020-04-14
Puducherry,7,1,0.0,2020-04-17
Puducherry,7,3,0.0,2020-04-18
Puducherry,7,3,0.0,2020-04-20
Puducherry,7,3,0.0,2020-04-21
Puducherry,7,3,0.0,2020-04-23
Puducherry,7,3,0.0,2020-04-24
Puducherry,7,3,0.0,2020-04-25
Puducherry,7,3,0.0,2020-04-26
Puducherry,8,3,0.0,2020-04-27
Puducherry,8,5,0.0,2020-05-01
Puducherry,8,5,0.0,2020-05-02
Puducherry,8,5,0.0,2020-05-04
Puducherry,9,6,0.0,2020-05-05
Punjab,38,1,1.0,2020-03-30
Punjab,46,1,4.0,2020-04-02
Punjab,48,1,5.0,2020-04-03
Punjab,57,1,5.0,2020-04-04
Punjab,91,4,7.0,2020-04-07
Punjab,91,4,7.0,2020-04-08
Punjab,132,5,11.0,2020-04-10
Punjab,151,5,11.0,2020-04-12
Punjab,176,14,12.0,2020-04-14
Punjab,186,27,13.0,2020-04-17
Punjab,202,27,13.0,2020-04-18
Punjab,219,31,16.0,2020-04-20
Punjab,245,39,16.0,2020-04-21
Punjab,277,65,16.0,2020-04-23
Punjab,277,65,16.0,2020-04-24
Punjab,298,67,17.0,2020-04-25
Punjab,298,67,17.0,2020-04-26
Punjab,313,71,18.0,2020-04-27
Punjab,357,90,19.0,2020-05-01
Punjab,772,112,20.0,2020-05-02
Punjab,1102,117,21.0,2020-05-04
Punjab,1233,128,23.0,2020-05-05
Rajasthan,57,3,0.0,2020-03-30
Rajasthan,108,3,0.0,2020-04-02
Rajasthan,167,3,0.0,2020-04-03
Rajasthan,200,21,0.0,2020-04-04
Rajasthan,288,21,3.0,2020-04-07
Rajasthan,328,21,3.0,2020-04-08
Rajasthan,463,21,3.0,2020-04-10
Rajasthan,700,21,3.0,2020-04-12
Rajasthan,879,133,3.0,2020-04-14
Rajasthan,1131,164,3.0,2020-04-17
Rajasthan,1229,183,11.0,2020-04-18
Rajasthan,1478,183,14.0,2020-04-20
Rajasthan,1576,205,25.0,2020-04-21
Rajasthan,1890,230,27.0,2020-04-23
Rajasthan,1964,230,27.0,2020-04-24
Rajasthan,2034,230,27.0,2020-04-25
Rajasthan,2083,493,33.0,2020-04-26
Rajasthan,2185,518,41.0,2020-04-27
Rajasthan,2584,836,58.0,2020-05-01
Rajasthan,2666,1116,62.0,2020-05-02
Rajasthan,2886,1356,71.0,2020-05-04
Rajasthan,3061,1394,77.0,2020-05-05
TamilNadu,50,4,1.0,2020-03-30
TamilNadu,234,6,1.0,2020-04-02
TamilNadu,309,6,1.0,2020-04-03
TamilNadu,411,6,2.0,2020-04-04
TamilNadu,621,8,5.0,2020-04-07
TamilNadu,690,19,7.0,2020-04-08
TamilNadu,834,21,8.0,2020-04-10
TamilNadu,969,44,10.0,2020-04-12
TamilNadu,1173,58,11.0,2020-04-14
TamilNadu,1267,180,15.0,2020-04-17
TamilNadu,1323,283,15.0,2020-04-18
TamilNadu,1477,411,15.0,2020-04-20
TamilNadu,1520,457,17.0,2020-04-21
TamilNadu,1629,662,18.0,2020-04-23
TamilNadu,1683,752,20.0,2020-04-24
TamilNadu,1755,866,22.0,2020-04-25
TamilNadu,1821,960,23.0,2020-04-26
TamilNadu,1885,1020,24.0,2020-04-27
TamilNadu,2323,1258,27.0,2020-05-01
TamilNadu,2526,1312,28.0,2020-05-02
TamilNadu,3023,1379,30.0,2020-05-04
TamilNadu,3550,1409,31.0,2020-05-05
Telengana,69,1,1.0,2020-03-30
Telengana,107,1,3.0,2020-04-02
Telengana,158,1,7.0,2020-04-03
Telengana,159,1,7.0,2020-04-04
Telengana,364,35,7.0,2020-04-07
Telengana,427,35,7.0,2020-04-08
Telengana,473,35,7.0,2020-04-10
Telengana,504,43,9.0,2020-04-12
Telengana,624,100,17.0,2020-04-14
Telengana,700,186,18.0,2020-04-17
Telengana,791,186,18.0,2020-04-18
Telengana,873,190,21.0,2020-04-20
Telengana,919,190,23.0,2020-04-21
Telengana,960,197,24.0,2020-04-23
Telengana,984,253,26.0,2020-04-24
Telengana,984,253,26.0,2020-04-25
Telengana,991,280,26.0,2020-04-26
Telengana,1002,280,26.0,2020-04-27
Telengana,1039,441,26.0,2020-05-01
Telengana,1057,441,26.0,2020-05-02
Telengana,1082,490,29.0,2020-05-04
Telengana,1085,585,29.0,2020-05-05
Tripura,1,0,0.0,2020-04-07
Tripura,1,0,0.0,2020-04-08
Tripura,1,0,0.0,2020-04-10
Tripura,2,0,0.0,2020-04-12
Tripura,2,0,0.0,2020-04-14
Tripura,2,1,0.0,2020-04-17
Tripura,2,1,0.0,2020-04-18
Tripura,2,1,0.0,2020-04-20
Tripura,2,1,0.0,2020-04-21
Tripura,2,1,0.0,2020-04-23
Tripura,2,1,0.0,2020-04-24
Tripura,2,1,0.0,2020-04-25
Tripura,2,2,0.0,2020-04-26
Tripura,2,2,0.0,2020-04-27
Tripura,2,2,0.0,2020-05-01
Tripura,2,2,0.0,2020-05-02
Tripura,16,2,0.0,2020-05-04
Tripura,29,2,0.0,2020-05-05
UttarPradesh,75,11,0.0,2020-03-30
UttarPradesh,113,14,2.0,2020-04-02
UttarPradesh,172,14,2.0,2020-04-03
UttarPradesh,174,19,2.0,2020-04-04
UttarPradesh,305,21,3.0,2020-04-07
UttarPradesh,343,26,3.0,2020-04-08
UttarPradesh,431,32,4.0,2020-04-10
UttarPradesh,452,45,5.0,2020-04-12
UttarPradesh,657,49,5.0,2020-04-14
UttarPradesh,805,74,13.0,2020-04-17
UttarPradesh,969,86,14.0,2020-04-18
UttarPradesh,1176,129,17.0,2020-04-20
UttarPradesh,1294,140,20.0,2020-04-21
UttarPradesh,1509,187,21.0,2020-04-23
UttarPradesh,1604,206,24.0,2020-04-24
UttarPradesh,1778,248,26.0,2020-04-25
UttarPradesh,1843,289,29.0,2020-04-26
UttarPradesh,1955,335,31.0,2020-04-27
UttarPradesh,2281,555,41.0,2020-05-01
UttarPradesh,2455,656,43.0,2020-05-02
UttarPradesh,2742,758,45.0,2020-05-04
UttarPradesh,2859,944,53.0,2020-05-05
Uttarakhand,7,2,0.0,2020-03-30
Uttarakhand,7,2,0.0,2020-04-02
Uttarakhand,10,2,0.0,2020-04-03
Uttarakhand,16,2,0.0,2020-04-04
Uttarakhand,31,5,0.0,2020-04-07
Uttarakhand,31,5,0.0,2020-04-08
Uttarakhand,35,5,0.0,2020-04-10
Uttarakhand,35,5,0.0,2020-04-12
Uttarakhand,35,7,0.0,2020-04-14
Uttarakhand,37,9,0.0,2020-04-17
Uttarakhand,42,9,0.0,2020-04-18
Uttarakhand,44,11,0.0,2020-04-20
Uttarakhand,46,18,0.0,2020-04-21
Uttarakhand,46,23,0.0,2020-04-23
Uttarakhand,47,24,0.0,2020-04-24
Uttarakhand,48,25,0.0,2020-04-25
Uttarakhand,50,26,0.0,2020-04-26
Uttarakhand,51,33,0.0,2020-04-27
Uttarakhand,57,36,0.0,2020-05-01
Uttarakhand,58,37,0.0,2020-05-02
Uttarakhand,60,39,1.0,2020-05-04
Uttarakhand,60,39,1.0,2020-05-05
WestBengal,19,0,1.0,2020-03-30
WestBengal,53,6,3.0,2020-04-02
WestBengal,63,3,3.0,2020-04-03
WestBengal,69,3,3.0,2020-04-04
WestBengal,91,13,3.0,2020-04-07
WestBengal,99,13,5.0,2020-04-08
WestBengal,116,16,5.0,2020-04-10
WestBengal,134,19,5.0,2020-04-12
WestBengal,190,36,7.0,2020-04-14
WestBengal,255,51,10.0,2020-04-17
WestBengal,287,55,10.0,2020-04-18
WestBengal,339,66,12.0,2020-04-20
WestBengal,392,73,12.0,2020-04-21
WestBengal,456,79,15.0,2020-04-23
WestBengal,514,103,15.0,2020-04-24
WestBengal,571,103,18.0,2020-04-25
WestBengal,611,105,18.0,2020-04-26
WestBengal,649,105,20.0,2020-04-27
WestBengal,795,139,33.0,2020-05-01
WestBengal,795,139,33.0,2020-05-02
WestBengal,963,151,35.0,2020-05-04
WestBengal,1259,218,133.0,2020-05-05
